CNPJ;NOME FANTASIA;RAZÃO SOCIAL;SIF;ENDEREÇO;BAIRRO;CEP;MUNICIPIO;UF;TELEFONE;FAX;SITE
01.724.097/0001-48;FRIGORIFICO BERTONCELLI ;BERTONCELLI & FILHOS LTDA;173;PR 281KM 22,5 S/N. ;LAGOAO;85.560-000;CHOPINZINHO;PR;(46) 3242-2244/1494;(46) 3242-2244;
67.620.377/0013-58;INDUSTRIA E COMERCIO DE CARNES MINERVA ;MINERVA  S. A. ;2100;RODOVIA ALCIDES SAOVESSO KM 08;ZONA RURAL;79.760-000;BATAYPOR.;MS;(67) 3443-3500;(67) 3443-3500;www.minerva.ind.br
02.916.265/0141-10;FRIBOI;JBS S/A ;457;ROD. PA 150 S/N.,  Km 8,1;NOVA MARAB.;68.506-971;MARAB.;PA;(94) 2101-5152;(94) 2101-5156;
01.535.759/0001-31;;R. E. RIBEIRO SOARES - ME;1367;ESTRADA DO MIRITITUBA Km 2,5;COL.NIA DIAMANTINO;68.020-550;SANTAR.M;PA;(93) 3522.0763;;
03.853.896/0015-45;MARFRIG ;MARFRIG GLOBAL FOODS S. A.;847;RUA SANTA BRIGIDA, 120;SANTA BRIGIDA;97.300-000;S.O GABRIEL;RS;(55) 3237.2900;(55) 3237.2900;www.marfrig.com.br
10.198.974/0001-85;PLENA ;PLENA ALIMENTOS LTDA ;3215;ROD.  BR 153, KM 493;SETOR INDUSTRIAL;77.600-000;PARA.SO DO TOCANTINS;TO;(63) 602.1617;;
09.129.753/0001-76;FRIGO - BRAS ;FRIGO - BRAS FRIGOR.FICOS LTDA ;3730;ROD. MS 276 S/N. KM 4,7;UMBARACA;79.750-000;NOVA ANDRADINA;MS;(67) 3441-8000;(67) 3441-8000;www.frigandrade.com.br
01.037.273/0001-73;;PRIMAZ FRIGORIFICO LTDA ;641;BR 116, KM 197, S/N. ;ROSEIRA;83.880-000;RIO NEGRO;PR;(47) 3642.3810;(47) 3642.3810;
00.671.047/0001-87;FRIGOR.FICO THOMS ;FRIGOR.FICO THOMS LTDA;3995;.GUA MINERAL PIRAP. S/N.;GUAMIRIM;84.500-000;IRATI;PR;(42) 3434.1145;(42) 3423.2626;
09.567.194/0001-86;M H CARNES ;FRIGORIFICO PALMEIRA LTDA ME ;3098;ESTRADA S.O SEBASTI.O DO CANOAS, S/N;S.O SEBASTI.O DO CANOAS;88.545-000;PALMEIRA;SC;;;
60.444.908/0001-16;;FRIMART - FRIGOR.FICO MARTIN.POLIS LTDA ;122;ROD SP, 425 S/N. KM 430 + 537 METROS;CENTRO ;19.500-000;MARTIN.POLIS;SP;(18) 3275.4200;(18) 3275.4200;
03.721.769/0006-00;MASTERBOI ;MASTERBOI LTDA;860;ROD. BR 153, KM 190 S/N.;ZONA RURAL ;77.790-000;NOVA OLINDA;TO;(63) 3452.1408;;
04.377.477/0001-41;FRIBARREIRAS;FRIBARREIRAS AGRO INDUSTRIAL DE ALIMENTOS EIRELI ;2394;RODOVIA BR 020/135 KM 13 S/N;DISTRITO INDUSTRIAL;47.804-510;BARREIRAS;BA;(77) 3611-5974;;
97.545.687/0001-82;NATURAL CARNES;NATURAL CARNES LTDA ;2382;ROD. GO 139, KM 19, S/N. -  FAZENDA S.O JO.O DA RAQUEL;ZONA RURAL;72.920-000;ALEX.NIA;GO;;;
03.573.324/0017-74;BONASA ;BONASA ALIMENTOS S/A ;2739;FAZ. SANTO ANTONIO A DIREITA, S/N.,  ROD. BR 251 KM 48 ;S.O SEBASTI.O ;71.691-970;BRAS.LIA;DF;(61) 3350.6661;;
02.916.265/0138-14;FRIBOI ;JBS S/A ;2350;ROD. PA 279, S/n., Km 162;ZONA RURAL ;68.385-000;TUCUM.;PA;(94) 3433.3380;(94) 3433.3380;
06.132.739/0001-33;BURITI;BURITI COM.RCIO DE CARNES LTDA;1878;FAZENDA BURITI, S/N.                         ;ZONA RURAL;79.200-000;AQUIDAUANA;MS;(67) 3241-5260;(67) 3241-5260;
02.916.265/0068-77;FRIBOI ;JBS S/A ;200;ROD. MT 338, KM 08;ZONA RURAL;78.575-000;JUARA;MT;(66) 3556-9500;(66) 3556-9585;www.jbs.com.br
05.950.290/0005-81;MAFIR;COMPANHIA DE DESENVOLVIMENTO DE RORAIMA;2040;RODOVIA BR 174 KM 752 S/N.;DISTRITO INDUSTRIAL;69.300-000;BOA VISTA;RR;(95) 3691-1030;;
67.620.377/0004-67;;MINERVA S. A. ;431;ROD. GO 050, KM 41, S/N;ZONA RURAL;76.190-000;PALMEIRAS DE GOI.S;GO;(62)4051-9350;(64) 3571-8020;www.minerva.ind.br
68.067.446/0010-68;FRIGOL ;FRIGOL S. A. ;2583;RODOVIA PA 279, Km 075, S/N.;ZONA RURAL;68.533-000;.GUA AZUL DO NORTE;PA;(94) 3424.1390/1389;(94) 342.1019;www.frigol.com.br
81.035.388/0001-68;;GRANJEIRO ALIMENTOS LTDA;4087;CH.CARA WELTER S/N. LOTE 15E;GLEBA 3 BOCAS;86.600-000;ROL.NDIA;PR;(43)256.3600;;
03.853.896/0053-70;MARFRIG CHUPINGUAIA;MARFRIG GLOBAL FOODS S. A. ;3250;ESTRADA PROJETADA, Km 4, S/n. LINHA,  119 LOTE, 68;CURUMBIARA ;76.990-000;CHUPINGUAIA;RO;(69) 3346.1800;;
02.916.265/0177-20;;JBS S/A;2942;RODOVIA MT 170 S/N. KM 06;ZONA RURAL;78.320-000;JU.NA;MT;(66) 3566-8200;(66) 3566-8227;www.jbs.com.br
67.620.377/0018-62;;MINERVA S. A. ;1940;ROD. BR 153, S/N., KM 150;ZONA RURAL;77.804-970;ARAGUA.NA;TO;63-3415-7000;63-3413-3490;www.minerva.ind.br
05.164.854/0001-27;;FRIGORIFICO SABOR DE MINAS LTDA;2556;FAZENDA DIVISORIO, S/n.  EST. MURIA. - S.O FERNANDO;ZONA RURAL;36.880-000;MURIA.;MG;;;
02.916.265/0183-79;;JBS S/A ;2951;RODOVIA BR 364 KM 10 SENTIDO RB/PV;DISTRITO INDUSTRIAL ;69.918-340;RIO BRANCO;AC;;;
08.212.954/0004-12;EXPCOM - 3 ;EXPCOM - EXPORTACAO E COMERCIO DE CARNES LTDA ;2990;CH.CARA RIBEIR.O DAS ANTAS S/N.;ZONA RURAL;75.660-000;BURITI ALEGRE;GO;62.3311-9340;62.3311-9317;
04.854.657/0001-77;FRANGO BOM GOSTO;INTEGRA..O ALIMENTOS LTDA EPP;2773;AREA ISOLADA 3/1 ;ZONA RURAL / BRAZL.NDIA;72.405-970;BRAS.LIA;DF;(61) 3501-6000;(61) 3633-4060;
06.088.741/0008-29;;VALE GRANDE INDUSTRIA E COMERCIO DE ALIMENTOS S/A ;2937;ROD. MT 320 KM 77, S/N.;SETOR INDUSTRIAL;78.515-000;NOVA CANA. DO NORTE;MT;(66) 3551-1360;(66) 3551-1360;
00.616.184/0003-80;STRUT ALIMENTOS ;PIVETA ASSUN..O STRUT LTDA  ;3639;ROD BR 163, KM 473 - TRECHO ANEL RODOVIARIO, 6895 ;JARDIM ITAMARACA ;79.062-000;CAMPO GRANDE;MS;(67) 3338-6060;(67) 3338-6060;www.jsovinos.com.br
65.364.614/0001-06;;FRIPAI DISTRIBUIDORA DE CARNES LTDA;3498;AV. FRANCISCO VALADARES, 1300;VILA IDEAL;36.020-420;JUIZ DE FORA;MG;;;
03.835.761/0026-00;FRIBAL FRANCHISING ;COMCARNE COMERCIAL DE CARNE LTDA;1339;BR 222, Km 367, S/N.;JUSSARAL;65.345-000;IGARAP. DO MEIO;MA;(98) 3376.2000;(98) 3376.2009;
04.999.514/0001-53;NOTABLE;FRIGOR.FICO CATARINENSE LTDA - ME;3007;ROD. SC, 439, S/n., Km 8;RIO PEQUENO ;88.890-000;GR.O PAR.;SC;(48) 3652.1111;(48) 3652.1111;www.notable.com.br
04.603.630/0003-73;;INDUSTRIA E COMERCIO DE CARNES E DERIVADOS BOI BRASIL LTDA ;1723;ROD TO 373 KM 2;;77.480-000;ALVORADA;TO;;;
13.787.772/0002-48;MOGI MEAT DISTRIBUIDORA DE CARNES ;MOGI MEAT DISTRIBUIDORA DE CARNES LTDA ;3933;ROD PR 82, KM 318 ;ZONA RURAL ;87.820-000;CIDADE GA.CHA;PR;;;
03.853.896/0043-07; ;MARFRIG GLOBAL FOODS S. A. ;2345;ROD BR 158, S/N., KM 638 ;ZONA RURAL;78.690-000;NOVA XAVANTINA;MT;;;
95.812.723/0001-00;;IRM.OS DO VALLE LTDA ;2424;ROD BR CENTO E DEZESSEIS, S/N., KM 116;CAMPO ALTO;89.540-000;SANTA CEC.LIA;SC;(49) 3244.0027;;
03.573.324/0002-98;BONASA;BONASA ALIMENTOS S/A;1213;LOTEAMENTO  ESTREITO, S/n., LOTE 01;ZONA RURAL;77.900-000;AGUIARN.POLIS;TO;;;
01.838.723/0182-55;;BRF S. A. ;1010;ROD. GO 341, Km 2,5;DISTRITO INDUSTRIAL ;75.830-000;MINEIROS;GO;64-3672-7500;64-3672-7641;
06.067.949/0003-57;;SUINCO - COOPERATIVA DE SUINOCULTORES LTDA;4242;AV DUARTINA MARIA DE JESUS 1131;DISTRITO INDUSTRIAL III;38.700-971;PATOS DE MINAS;MG;;;
82.033.184/0001-50;;PRIMOS AGROINDUSTRIAL LTDA EPP ;3973;LOC PAPANDUVINHAS, S/n.;PAPANDUVINHAS ;83.450-000;BOCAI.VA DO SUL;PR;(41) 3658-1711;;
07.015.638/0001-45;FRIGORIFICO MATA BEM ;FRIGOR.FICO MATA BEM COM.RCIO E ABATE DE SUINOS E BOVINOS LTDA ;4127;S.TIO DECOLORES,  S/n.,  ROD. QUE LIGA SETE LAGOAS A FUNIL.NDIA;ZONA RURAL ;35.701-482;SETE LAGOAS;MG;(31) 9986-1244;;
11.516.163/0001-48;FRIGOR.FICO SUDOESTE ;FRIGOR.FICO REGIONAL SUDOESTE LTDA;3576;ROD BA - 263, KM 93, S/n., CONJUNTO FAZENDA MONTE BELO ;ZONA RURAL;45.700-000;ITAPETINGA;BA;(41) 9972.2957;;
02.916.265/0077-68;FRIBOI ;JBS S/A ;4400;RDV BR 060, S/n., KM 359,8 MARGEM  DIREITA ;ZONA RURAL;79.064-000;CAMPO GRANDE;MS;(67) 3373.0381;;
61.170.411/0003-81;ALGOULART ;ALGOULART COMERCIO ATACADISTA DE CARNES LTDA ;3878;ROD GO 302 KM 191, S/N;ZONA RURAL ;75.825-000;APOR.;GO;(62)3092.5536;;
01.838.723/0394-14;;BRF S. A. ;3515;AVENIDA DAS INDUSTRIAS, 6000 N, ALA 2 ;DISTRITO INDUSTRIAL SENADOR ATTILIO FONTANA;78.455-000;LUCAS DO RIO VERDE;MT;(47) 3249-4100;(47) 3249-4100;
15.756.574/0001-61;FRIVAM ALIMENTOS;FRIVAM ALIMENTOS LTDA  ;4273;ROD MUNICIPAL SERRA DO MORRO FEIO S/N ;FAZENDA VALE DA SERRA;75.340-000;HIDROL.NDIA;GO;(62) 3553-2800;(62) 3553-2800;
02.916.265/0185-30;;JBS S/A ;51;ROD BR 174, S/N, KM 231 ;ZONA RURAL ;78.250-000;PONTES E LACERDA;MT;;;
09.250.869/0001-69;FRICAL FRIGORIFICO CARIACICA S/A ;FRICAL FRIGORIFICO CARIACICA S/A ;1210;ROD. GOVERNADOR JOS. SETE, S/N.;PORTO DE CARIACICA;29.156-700;CARIACICA;ES;(27) 3396.3557;;
67.620.377/0074-70;;MINERVA S. A.  ;791;ROD RO 010 KM 14,5, S/N. - SENTIDO PIMENTA BUENO ;SETOR INDUSTRIAL ;76.940-000;ROLIM DE MOURA;RO;(69) 3449.1500;(69) 3449.1509;www.minerva.ind.br
24.084.055/0001-95;;AGROPECU.RIA SERROTE REDONDO LTDA;4184;FAZENDA SERROTE REDONDO S/N. - BR 110 KM 02;ZONA RURAL;56.700-000;S.O JOS. DO EGITO;PE;;;
12.683.049/0002-56;UNIBOI ;UNIBOI ALIMENTOS LTDA;1307;ROD BR 060, S/N., LOTE 194, KM 48 ;ZONA RURAL ;79.560-000;CHAPAD.O DO SUL;MS;(67) 3562.3895/2346;;
02.916.265/0104-75;FRIBOI ;JBS S/A ;3000;PRL DA ROD. MT 240 SENTIDO DIAMANTINO - NOVA MUTUM, KM 3,5 - LADO DIREITO ;ZONA RURAL;78.400-000;DIAMANTINO;MT;(65)3337-1001;(65)3337-3500;
04.652.419/0001-89;;NUTRILI - IND.STRIA E COM.RCIO DE CARNES LTDA ME ;904;ESTRADA DO MADEIRA, S/N., KM 3,9 ;ZONA RURAL;37.200-000;LAVRAS;MG;(35) 3826-4696;(35) 3826-4696;www.nutrili.com.br
07.946.019/0001-74;;FRIGORIFICO SAO JOAQUIM LTDA;253;ROD RODOVIA URUCANIA A JEQUERI, KM 120;ZONA RURAL;35.380-000;URUC.NIA;MG;(31) 3876-1900;;
03.873.602/0001-41;FRIGOSERVE ;FRIGOSERVE CACOAL LTDA ;1594;RUA B, S/N., LOTE 12, QUADRA 12 ;PARQUE INDUSTRIAL ;78.976-230;CACOAL;RO;(69) 3443.1051;;
03.853.896/0048-03;;MARFRIG GLOBAL FOODS S. A.  ;1497;ROD PA 279, S/N., KM 155 ;ZONA RURAL ;68.385-000;TUCUM.;PA;(91)3214.2300;;
18.626.084/0003-09;NATURAFRIG ;NATURAFRIG ALIMENTOS LTDA  ;1811;ROD MT 247 KM 6, S/N.;ZONA RURAL ;78.390-000;BARRA DO BUGRES;MT;(65) 3361.1918;(65)3361-6902;
09.348.028/0001-99;;PAULO OLIVA GIASSETTI ;3452;AV. ANTONIO MULLER, 3455 ;CHACARA MONTEREY ;13.215-830;JUNDIA.;SP;(11) 4523.5113;;
12.227.611/0001-56;;FRIGOARI - FRIGORIFICO ARIQUEMES S/A  ;511;ROD BR 364, KM 511, SENTIDO CUIABA - MT, S/N.;ZONA RURAL ;78.931-971;ARIQUEMES;RO;(69) 3535.3193;;
17.077.702/0005-08;;BARBOSA & CIA LTDA ;3476;ROD MGT 265, S/N. KM 60 SERRINHA ;ZONA RURAL ;36.208-000;BARBACENA;MG;(32) 3332.2700 ;;
97.280.960/0001-94;;FRIGOR.FICO ZIMMER LTDA ;1847;ROD RS 239, KM 37,S/N.;CAMPO VICENTE;95.630-000;PAROB.;RS;;;
09.021.679/0001-70;FRIGONOSSO ;FRIGOR.FICO NOSSO LTDA ;386;RODOVIA RO 383 KM 03 ;ZONA RURAL;78.975-000;CACOAL;RO;;;
09.026.663/0001-50;SBR SUINOS BRASIL ;SBR SUINOS BRASIL IND.STRIA E COM.RCIO DE CARNES LTDA ;463;ROD RS 463 - KM 14,5, S/N.;INTERIOR ;99.955-000;VILA L.NGARO;RS;(54) 3616.0034;;
04.603.630/0008-88;BOI BRASIL;INDUSTRIA E COMERCIO DE CARNES E DERIVADOS BOI BRASIL LTDA;2852;ROD BR 153 KM 137 A DIREITA S/N - EST DA AGUA AMARELA ;ZONA RURAL;77.839-400;ARAGUA.NA;TO;(63) 8111.9858;(63) 3412.4381;
12.482.555/0001-04;FRIGOR.FICO MACHADO;FRIGOR.FICO MACHADO LTDA ;1154;ROD BR 070 KM 348, S/N., KM MAIS 08 KM A DIREITA ANEXO FAZENDA CAVERA ;ZONA RURAL ;78.840-000;CAMPO VERDE;MT;(66) 3419.1112;;
03.906.433/0001-07;FRIGORIFICO UNIAO ;COOPERATIVA DOS ACOUGUEIROS DE UNAI LTDA ;3616;FAZ. CACHOEIRA MARGEM DIR. DO RIO PRETO,  S/N., KM 02;ZONA RURAL ;38.610-000;UNA.;MG;(38) 3676.1318;;
02.914.460/0198-46;SEARA;SEARA ALIMENTOS LTDA;1953;AV. PERIMETRAL NORTE, 901;CENTRO;84.145-000;CARAMBE.;PR;(42) 3231.8000;;
05.111.062/0001-94;;PANTANEIRA IND.STRIA E COM.RCIO DE CARNES E DERIVADOS LTDA;1206;RUA DAS POMBAS, N. 10;JARDIM DOS PASSAROS ;78.110-002;V.RZEA GRANDE;MT;(65) 3026.2033;;
07.377.438/0005-66;BOIBOM;COMERCIO DE CARNES BOIBOM LTDA;320;EST MUNICIPAL VILA BARBOSA, S/N, KM 3,5 ;ZONA RURAL;79.570-000;APARECIDA DO TABOADO;MS;(67) 3565-6433;;
06.095.896/0001-16;;FRIUNA ALIMENTOS LTDA ;2013;AV. CRISTOV.O COLOMBO, 1351;ALGODOAL ;13.405-459;PIRACICABA;SP;(19) 3421.3080;;
14.532.494/0001-60;UNITA;UNITA COOPERATIVA CENTRAL;603;ROD BR 369, KM 439, S/N.;RURAL;85.440-000;UBIRAT.;PR;44 3543-1695;;
83.310.441/0079-87;AURORA ALIMENTOS ;COOPERATIVA CENTRAL AURORA ALIMENTOS ;664;RUA JOSE SOFIA , ESQUINA COM ESTRADA CAMBOTA, S/N.;VILA VIT.RIA;86.975-000;MANDAGUARI;PR;(44) 3322.8800;;
16.629.137/0001-40;FRIGORIFICO IGAPO;FRIGORIFICO IGAP. LTDA ;485;ROD PR 180 KM 01, S/N., LOTE 03-A-1 - GLEBA 04 ;CENTRO;87.880-000;GUAIRA..;PR;;;
17.098.519/0001-57;GRAN CORTE ALIMENTOS;GRAN CORTE ALIMENTOS, IMPORTA..O E EXPORTA..O LTDA;435;ROD SALIM CURIATI, S/N., KM 20;MACUQUINHO ;18.760-000;CERQUEIRA C.SAR;SP;;;
05.492.166/0001-96;;BOIBRAS IND.STRIA E COM.RCIO DE CARNES E SUB PRODUTOS LTDA;2782;ROD BR 163, S/N., KM 606;ZONA RURAL;79.490-000;S.O GABRIEL DO OESTE;MS;(67) 3295.1131;;
08.199.996/0080-11;JBS AVES ;JBS AVES LTDA;2340;ROD RS 324 KM 69 S/N. - PARTE 1;LINHA BAU;99.615-000;TRINDADE DO SUL;RS;(54) 3344-4200;;
07.397.343/0001-80;FRIGORIFICO VALE DO IGUACU ;IRM.OS GIARETTA LTDA;4170;ROD. BR 373 KM 466, S/N.  ;ALTO PINHAL ;85.550-000;CORONEL VIVIDA;PR;(46) 3232.1837;;
08.611.656/0003-14;;FRIGORIFICO RS LTDA - EPP ;3801;ROD MT 235 KM 02, VICINAL A DIREITA, S/N. - VICINAL A DIREITA;ZONA RURAL;78.435-000;S.O JOS. DO RIO CLARO;MT;(66) 33861728;;
17.390.909/0001-04;FRIGORIFICO FRIGMANN  ;FRIGMANN FRIGORIFICO LTDA;25;ROD. AMAMBAI CAARAPO MS 156 KM 0, S/N.;ZONA RURAL;79.990-000;AMAMBA.;MS;;;
14.299.106/0001-42;FRIGORIFICO NOVO PROGRESSO ;T. M. DA SILVA DE CARVALHO FRIGORIFICO - EPP ;4686;ROD BR 163 KM 1108, M/E CBA-STM , S/N. , GLEBA CURUA ;ZONA RURAL;68.193-000;NOVO PROGRESSO;PA;;;
07.328.349/0002-87;FRIGOMAR FRIGORIFICO LTDA ;FRIGOMAR FRIGORIFICO LTDA ;2159;AV SALIM FARAH MALUF, 780;JARDIM MARACANA;19.026-240;PRESIDENTE PRUDENTE;SP;(18) 2104-4500;;
09.248.966/0001-17;ABATEDOURO E FRIGORIFICO SAO FRANCISCO;ABATEDOURO DE BOVINOS SAMPAIO LTDA - ME;2258;ROD BR 158 KM 07, S/N., SITIO CATARINENSE ;ZONA RURAL ;68.550-970;REDEN..O;PA;(94) 3424.0910;;
13.277.602/0001-32;FRIGORIFICO JUTI ;FRIGORIFICO JUTI IMPORTACAO E EXPORTACAO LTDA;1634;ROD BR 163 KM 177, S/N.;ZONA RURAL;79.955-000;JUTI;MS;(67) 3463-1009 ;;
03.721.769/0009-44;MASTERBOI ;MASTERBOI LTDA;2437;ROD PA 477 KM 2,4, S/N.;GLEBA XAMBIOA;68.570-000;S.O GERALDO DO ARAGUAIA;PA;(94) 3331.1100 ;;
14.808.427/0002-06;ADELLE FOODS;LABEMA ALIMENTOS LTDA;15;ROD BR 386 , n. 750 , LOTE: URBANO KM 52;   ;INTERIOR;98.380-000;SEBERI;RS;(55) 3199-4110 ;;
10.748.137/0001-82;FORTEFRIGO ;FRIGORIFICO FORTEFRIGO LTDA ;372;ROD PA-125, KM 9, S/N. ;INTERIOR;68.625-970;PARAGOMINAS;PA;(91) 3726-2826 ;;
14.290.696/0001-42;FRISACRE;FRISACRE FRIGORIFICO SANTO AFONSO DO ACRE LTDA - EPP;3297;ROD BR-364 (RIO BRANCO-PORTO VELHO), S/N., KM 10;SEGUNDO DISTRITO;69.908-080;RIO BRANCO;AC;(68) 2106-7358;;
07.692.530/0001-97;ABATEDOURO SANTA ROSA;SUPORTE LOGISTICO DE CONGELADOS SANTA ROSA LTDA - ME  ;1315;CH NORTE NUCLEO RURAL CASA GRANDE CHACARA, 12MA14 - GALPAO 01 PONTE ALTA   ;GAMA ;72.428-010;BRAS.LIA;DF;(61) 3500-0757;;
15.024.457/0001-03;DOM PORQUITO AGROINDUSTRIAL S/A;DOM PORQUITO AGROINDUSTRIAL S/A;2524;ROD BR 317 KM 07, S/N.;ZONA RURAL;69.932-000;BRASIL.IA;AC;(68)3546-5544;;
08.932.091/0001-05;FRIGORIFICO DO VALE;FRIGOVALE COMERCIO, IMPORTACAO E EXPORTACAO LTDA  ;2490;ESTRADA LINHA CLARA, S/N. - FUNDOS;LINHA CLARA;95.890-000;TEUT.NIA;RS;(51) 9774-1753;;
06.859.331/0001-68;ABATEDOURO SAO JORGE;FRIGORIFICO 3M LTDA - EPP ;1777;R PIRAPUTANGA, S/N, VIA AEROPORTO;ZONA RURAL;78.200-000;C.CERES;MT;65-32223708/99890044;;
09.456.723/0001-74;;LEANDRO SANTOS CARNEIRO LTDA - EPP  ;3970;ROD BR 364, N., 415, SITIO SAO JOAO MARAJA   ;ZONA RURAL ;78.720-390;RONDON.POLIS;MT;(66) 3427-0338;;
00.386.464/0006-92;FAZENDA CAMPO SALMA;EMA - EMPRESA MARINHO DE AGROPECUARIA DO PANTANAL LTDA;370;BR 262 ENTRONC. ESTRADA FORTE COIMBRA, S/N. - REGIAO DO JACADIGO   ;JACADIGO  ;79.321-600;CORUMB.;MS;(67) 3231-6309;;
76.093.731/0007-86;COPACOL ;COPACOL - COOPERATIVA AGROINDUSTRIAL CONSOLATA;516;RUA DESEMBARGADOR MUNHOZ,  176;CENTRO;85.415-000;CAFEL.NDIA;PR;(45) 3241-8080;(45) 3241-8185;
26.695.777/0001-01;;SAPATINI E RODRIGUES FRIGORIFICOS LTDA  ;55;RUA DEOLINDO MASSAMBANI, 550;PARQUE BELA VISTA;86.803-050;APUCARANA;PR;(43) 3420-4004;(43) 3422-8407/7528;
01.838.723/0376-32;;BRF S. A. ;716;AV. SENADOR ATILIO FONTANA, 4040;CENTRO;85.900-900;TOLEDO;PR;(45) 2103.4000/4499;;www.sadia.com.br
18.715.000/0002-14;FRIGORIFICO BOI MIX ;FRIGORIFICO BOI MIX LTDA;3386;RUA GERALDO DE ALMEIDA , 1060  - PAVMTO SUPERIOR.  ;FACIP;15.704-442;JALES;SP;(17) 3485-2382;;
01.509.708/0001-35;FRIGORIFICO OCHOVE ;FRIGORIFICO OCHOVE LTDA - ME  ;3432;EST DA FAZENDINHA, S/N.,  KM 1,5 MORRO DO CANTA GALO;PASSAGEM DA CONCEICAO;78.168-000;V.RZEA GRANDE;MT;(65) 9983-8269;;
02.916.265/0037-70;;JBS  S/A;4333;BR 364  KM 18;DISTRITO INDUSTRIAL;76.980-000;VILHENA;RO;;;
01.838.723/0256-26;;BRF  S. A.;103;AV. ARTHUR OSCAR,  1706;CENTRO;99.250-000;SERAFINA CORR.A;RS;(54) 3444.1266;;
01.682.695/0001-00;NATTO;NOTARO ALIMENTOS S/A;924;ROD.  BR 232 Km 192 ;ZONA RURAL ;55.150-000;BELO JARDIM;PE;(81) 3726.2222;(81) 3726.2727;www.frangonatto.com.br
13.373.017/0003-06;;FRIGORIFICO BIG BOI LTDA.;1163;ROD. PR 323, Km 3, S/n., LOTE 348 A 1-1;GLEBA RIBEIR.O PAICANDU ;87.140-000;PAI.ANDU;PR;(44) 3218-8800;(44) 3218-8803;www.frigorificomercosul.com.br
84.874.726/0015-49;;KAEFER AGRO INDUSTRIAL LTDA;119;BR 277 Km 451, S/N., TREVO PARA PALMITAL;VILA INDUSTRIAL ;85.303-495;LARANJEIRAS DO SUL;PR;(42) 3635.8888;(42) 3635.8870;www.globoaves.com.br
81.304.552/0001-95;FRIGORIFICO ARGUS ;FRIGORIFICO ARGUS LTDA;1710;BR 376 KM 19,5 ;MIRINGUAVA;83.015-000;S.O JOS. DOS PINHAIS;PR;(41) 3382-3883;(41) 3382-3992;www.frigorificoargus.com.br
07.851.247/0006-75;PALMALI;AGROINDUSTRIAL IRMAOS DALLA COSTA LTDA;3094;RUA UBIRAJARA ARAUJO,  760;CALDEIRAS;85.555-000;PALMAS;PR;(46) 3263-1322;(46) 3263-1322;www.palmali.com.br
05.488.486/0001-72;;V. L. AGRO INDUSTRIAL LTDA;3101;ESTRADA BENJOIN KM 02 CX POSTAL 061;;86.040-000;CAMBIRA;PR;;;
04.829.553/0001-02;FRIGORIFICO BEEF NOBRE ;FRIGORIFICO BEEF NOBRE LTDA;2317;AV. 05,  S/N. ;NOVA CAMPO GRANDE;79.105-060;CAMPO GRANDE;MS;067) 3304-3600;067) 3304-3600 ;
12.184.079/0013-70;TOTAL S/A  ;TOTAL S. A.      ;2863;ROD. BR. 158 KM 97 ;PARQUE INDUSTRIAL;79.500-000;PARANA.BA;MS;(67) 3668.6114;(67) 3668.6121;www.marfrig.com.br
03.853.896/0002-20;MARFRIG;MARFRIG GLOBAL FOODS S. A. ;4238;ROD. BR 267 KM 35 ;DISTRITO INDUSTRIAL;79.780-000;BATAGUASSU;MS;(67) 3541-4400;(67) 3541-4400;www.marfrig.com.br
83.310.441/0027-56;FRIGORIFICO AURORA;COOPERATIVA CENTRAL AURORA ALIMENTOS ;450;ROD BR 163, KM 609, S/N.;ZONA RURAL;79.490-000;S.O GABRIEL DO OESTE;MS;(67) 3295-1055;(67) 3295-1055;www.auroraalimentos.com.br
02.916.265/0202-76;;JBS S/A;49;ROD BR 376,   KM 169;ESCOLINHA;79.750-000;NOVA ANDRADINA;MS;(67) 3449-2200 ;(67) 3441-2282;www.jbs.com.br
03.853.896/0005-73;MARFRIG;MARFRIG GLOBAL FOODS S. A. ;1751;ROD. MT 358 KM 05, S/N.;VILA ESMERALDA;78.300-000;TANGAR. DA SERRA;MT;(65) 3311-3800;(65) 3311-3800;www.marfrig.com.br
16.820.052/0007-30;;MATABOI ALIMENTOS S. A.;1886;RODOVIA BR 163,  KM 112;ZONA RURAL;78.500-000;RONDON.POLIS;MT;(66) 3301-4000;;
02.916.265/0047-42;FRIBOI;JBS S/A;2019;ROD. BR. 364, KM 176;JARDIM PRODOESTE;78.795-000;PEDRA PRETA;MT;(66) 3486-4500;(66) 3486-4538;www.jbs.com.br
02.916.265/0067-96;FRIBOI ;JBS S/A ;3031;ROD. MT 175, Km 2 TR. QUATRO MARCOS ARAPUTANGA;DISTRITO INDUSTRIAL;78.285-000;S.O JOS. DOS QUATRO MARCOS;MT;(65) 3251-4110;(65) 3251-4150;
24.746.687/0001-77;AGRA;AGRA AGROINDUSTRIAL DE ALIMENTOS S/A;3941;ROD. BR 163 KM 114,6;ZONA RURAL;78.745-000;RONDON.POLIS;MT;(66) 2101-2200;(66) 2101-2200;
02.916.265/0010-50;FRIBOI;JBS  S/A;42;AV ATTILIO FONTANA N. 2550;JARDIM AMAZ.NIA;78.600-000;BARRA DO GAR.AS;MT;(66) 3402 2900;(66) 3402 2900;www.jbs.com.br
02.916.265/0070-91;FRIBOI ;JBS S/A ;4302;RD. MT 208 KM 150;DISTRITO INDUSTRIAL;78.580-000;ALTA FLORESTA;MT;(66) 3512-7500;(66) 3512-7575;
02.916.265/0136-52;FRIBOI ;JBS S/A ;1110;ROD. BR 158, S/N. LOTE 01 GLEBA CAJU BLOCO A ;ZONA RURAL ;68.560-000;SANTANA DO ARAGUAIA;PA;(94) 3431-1093;(94) 3431-1093;www.redencao.com.br
02.916.265/0137-33;FRIBOI ;JBS S/A ;807;AV. ROSA LIMA DE ALMEIDA, S/N, KM 03 BLOCO A ;ZONA RURAL;68.552-030;REDEN..O;PA;(94) 3424.1205;(94) 3424.1221;
02.916.265/0005-93;FRIBOI;JBS S/A;862;AV LAGO AZUL S/N;FAZENDA CAVEIRA;74.893-780;GOI.NIA;GO;(62) 3272 -1313;(62) 3272-1359;www.jbs.com.br            
07.555.950/0010-12;;RIO GRANDE COM.RCIO DE CARNES LTDA ;2431;ROD BR 010 S/N.,  KM 1356;LAGOA CERCADA;65.903-390;IMPERATRIZ;MA;(99) 3526-1128;(99) 3526-1132;
16.820.052/0006-59;MATABOI;MATABOI ALIMENTOS LTDA ;177;AV.  THEODORETO VELOSO DE CARVALHO, 2053 - BLOCO A;PAINEIRAS;38.445-198;ARAGUARI;MG;(34) 3221-2704;;
13.260.924/0002-50;;FRIGOR.FICO PROSPERIDAD S/A ;1803;RUA COMENDADOR ERICK MARKUS, 1000 ;BOSQUE;38.446-010;ARAGUARI;MG;(34) 3242-1066;;www.izzy.com.br
27.497.684/0007-20;FRISA;FRISA FRIGOR.FICO RIO DOCE S/A;2051;AVENIDA  MUCUR., 2000;LATIC.NIOS;39.860-000;NANUQUE;MG;(33) 3621.9100;(33) 3621.5088;www.frisa.com.br
02.916.265/0024-56;;JBS S/A;3225;ROD. BR 497 KM 2,5;ZONA RURAL;38.280-000;ITURAMA;MG;(34) 3411-9400;(34) 3411-9421;
02.916.265/0004-02;FRIBOI;JBS S/A;1662;AV DUQUE DE CAXIAS, 7255;VILA NOVA CAMPO GRANDE ;79.105-000;CAMPO GRANDE;MS;67 2107 - 2522;67 2107 - 2585;www.jbs.com.br
03.853.896/0003-01;;MARFRIG GLOBAL FOODS S. A. ;2543;VIA ACESSO DR. SHUEI UETSUKA KM 02;;16.370-000;PROMISS.O;SP;(14) 3541.0099;;www.marfrig
52.645.009/0012-06;FRIGOESTRELA;FRIGOESTRELA S. A. ;2924;CH.CARA APARECIDA;ZONA RURAL-CAIXA POSTAL 25;15.650-000;ESTRELA D'OESTE;SP;(17) 3833.2800;(17) 3833.2809;www.frigoestrela.com.br                                                                             
02.916.265/0011-31;FRIBOI S. A.;JBS  S/A;385;AV. JOS. BATISTA SOBRINHO S/N.;S.O FRANCISCO;16.901-904;ANDRADINA;SP;(18) 3702-7500;(18) 3702-7500;www.jbs.com.br
67.620.377/0001-14;;MINERVA S. A. ;421;PROL AV ANTONIO M. BERNARDES S/N ;CHACARA MINERVA;14.780-000;BARRETOS;SP;17-3321-3355;17-3323-3041;www.minerva.ind.br
67.620.377/0003-86;MINERVA - QUALIDADE EM CARNES;MINERVA S. A.;451;AV. BRAULINO BASILIO MAIA, 665;VILA FRIGOR.FICO;15.200-000;JOS. BONIF.CIO;SP;(17) 3265-9000;(17) 3245-2409;www.minerva.ind.br
02.916.265/0029-60;FRIBOI;JBS S/A;458;AV DOMINGOS FERREIRA DE MEDEIROS, S/N., ANEXO I    ;DISTRITO INDUSTRIAL ;19.470-000;PRESIDENTE EPIT.CIO;SP;(18) 3281.9400;(18) 3281.9410;www.jbs.com.br
02.916.265/0251-54;;JBS S/A ;545;EST. VICINAL VERISSIMO FERNANDES S/N.,  BLOCO: 05 B3 B4 B6 E B9;ZONA URBANA;15.775-000;SANTA F. DO SUL;SP;(17) 3631-9000/9044;(17) 3631-9044;www.jbs.com.br
03.151.790/0004-47;;BARRA MANSA COM.RCIO DE CARNES E DERIVADOS LTDA;941;S.TIO NOSSA SENHORA APARECIDA S/N.;ZONA RURAL;14.160-970;SERT.OZINHO;SP;(16) 3946-5300/4700;(16) 3946-5318/4700;www.frigrificobarramansa.com.br
02.964.051/0001-69;COOPERFRIGU FOODS;COOPERATIVA DOS PRODUTORES DE CARNE E DERIVADOS DE GURUPI;93;AV. GOI.S, 917;ZONA SUBURBANA;77.402-970;GURUPI;TO;(63) 3311-4100;(63) 3311-4141;www.cooperfrigu.com.br
04.304.360/0002-19;BON - MART;BON - MART FRIGOR.FICO LTDA;2121;AV ANA JACINTA, 335;JARDIM BON-MART;19.027-080;PRESIDENTE PRUDENTE;SP;(18) 3901-3500;(18) 3901-3522;www.bonmart.com.br
04.082.624/0015-51;FRIGON - FRIGOR.FICO IRM.OS GON.ALVES ;IRM.OS GON.ALVES, COM.RCIO E IND.STRIA LTDA;2443;ROD. 364, KM 3,5 S/N., LOTE 90 A2;ZONA RURAL ;76.890-000;JARU;RO;(69) 3521.2261;(69) 521.2515;
76.513.480/0001-56;;PIRAP. PARTICIPA..ES LTDA;4701;RODOVIA PR 317 KM 52 ;GLEBA INTERVENTOR;86.770-000;SANTA F.;PR;(44) 3247-1144;(44) 3247-1190;www.frigorificosantafe.com.br
02.916.265/0066-05;FRIBOI ;JBS S/A ;826;RUA PROJETADA, S/N, SESMARIA S.O GON.ALO;COXIPO DA PONTE;78.015-285;CUIAB.;MT;(65) 4009 2500;(65) 3661-0757;www.jbs.com.br
02.591.772/0001-70;FRIGOSUL;FRIGOR.FICO SUL LTDA;889;ROD. BR 158 KM 08;ZONA RURAL;79.570-000;APARECIDA DO TABOADO;MS;(67) 3565-9000;(67) 3565-9008;
05.826.986/0002-58;;FRIGORIFICO BETTER BEEF LTDA - EPP;1925;RODOVIA  SP 284 S/N,  KM 519;AGUA DA LAVADEIRA;19.600-000;RANCHARIA;SP;(18)  3265.9510;(18)   3265.9510;www.betterbeef.com.br
26.166.993/0001-60;SULFRIGO;SULFRIGO ALIMENTOS LTDA - EPP;760;AV. APAR.CIO CORREA DE BARROS, 22, PARQUE FRIGORIFICO;CENTRO;98.130-000;J.LIO DE CASTILHOS;RS;(55) 3271-1313;(55) 3271-2196;
76.098.219/0046-39;;COOPAVEL - COOPERATIVA AGROINDUSTRIAL ;3887;BR 277 - KM 582;VILA INDUSTRIAL;85.818-460;CASCAVEL;PR;(45) 3218 5019/5205;(45) 3218/5011;
02.916.265/0016-46;;JBS S/A;2979;AV. HAMILTON SIMIONI, KM 1,5;INDUSTRIAL;78.260-000;ARAPUTANGA;MT;(65) 3211-2000;(65) 3211-2065;
02.916.265/0196-93;;JBS S/A ;4393;ROD. BR 158 KM 05, S/N.;SETOR INDUSTRIAL  ;78.645-000;VILA RICA;MT;066  3554-3100  ;066 3554-3100;www.jbs.com.br
02.916.265/0117-90;FRIBOI;JBS S/A;504;RUA PRINCIPAL S/N;VILA MIISA ;38.300-899;ITUIUTABA;MG;;;
02.914.460/0061-91;;SEARA ALIMENTOS LTDA;1897;ROD. BR 163 KM 6 DISTRITO DE S.O PEDRO;ZONA RURAL;79.804-970;DOURADOS;MS;(67) 3411-2000;(67) 3411-2016;www.seara.com.br
68.067.446/0004-10;FRIGOL S. A. ;FRIGOL  S. A.;2960;RUA Dr. GABRIEL OLIVEIRA ROCHA,  704 ;CENTRO;18.681-030;LEN..IS PAULISTA;SP;(14) 3269-3900;(14) 3263-4050;www.frigol.com.br
02.916.265/0275-21;;JBS S/A;3159;ROD MS 295 - IGUATEMI/ELDORADO, S/N., KM 05 ;ZONA RURAL;79.960-000;IGUATEMI;MS;(67) 3471-4400;(67) 3471-4400;
03.853.896/0016-26;MARFRIG ;MARFRIG GLOBAL FOODS S. A. ;3712;EST.  VICINAL KITIZO UTIYAMA, KM 01;CORREGO AZUL;16.370-000;PROMISS.O;SP;(14) 3543.9600;(14) 3541-1112;www.frigoclass.com.br
02.916.265/0182-98;;JBS S/A;4148;ROD. BR 163 KM 747 S/N.;ZONA RURAL;79.400-000;COXIM;MS;(67) 3291-0000;(67) 3238-1221;www.jbs.com.br
22.882.054/0004-03;DISTRIBOI;DISTRIBOI - INDUSTRIA COM.RCIO E TRANSPORTE DE CARNE BOVINA LTDA;4334;ROD. RO 010 KM 02 S/N.;ZONA RURAL;76.940-000;ROLIM DE MOURA;RO;(69) 3441-8888 ;;
05.017.780/0011-78;;RIO BRANCO ALIMENTOS S/A;4372;ROD. BR 365, KM 455   FAZENDA   SERRA VERDE;;38.740-000;PATROC.NIO;MG;5991500(032);;
03.851.469/0001-22;FRICAL ;FRICAL FRIGORIFICO LTDA - EPP ;4656;ESTRADA SOUZA LIMA, S/N. ;ZONA RURAL;78.164-000;V.RZEA GRANDE;MT;(65) 3029-4255;(65) 3029-4255;
22.882.054/0003-22;DISTRIBOI;DISTRIBOI - INDUSTRIA, COMERCIO E TRANSPORTE DE CARNE BOVINA LTDA;4695;ESTRADA DO AEROPORTO KM 3 N. 5930;SUB URBANO;78.964-460;JI-PARAN.;RO;(069)975.3406;;
05.660.031/0001-92;KM3 INDUSTRIA E COMERCIO  ;L. A. GARCIA - ABATE DE BOVINOS - EIRELI  ;4705;ROD JOSE GARCIA CAMPOS, S/N. KM 3;ZONA RURAL;86.001-970;LONDRINA;PR;(43) 342.9455;;
14.836.553/0001-93;FRIGORIFICO PARAISO ;FRIGORIFICO PARAISO LTDA ;4625;LOTEAMENTO PARAISO S/n. LOTES 22 e 23 ;ZONA RURAL;77.600-000;PARA.SO DO TOCANTINS;TO;(63) 3602-3727 ;;
11.831.785/0002-41;;MERCURIO ALIMENTOS S/A ;4554;ROD. PA, 242, S/N. ;ZONA RURAL ;68.745-000;CASTANHAL;PA;(91) 3805.1212;(91) 3805-1202;
82.996.521/0001-05;;BUGIO AGROPECUARIA LTDA;4569;RODOVIA SC 283 KM 8;;89.801-000;CHAPEC.;SC;;;
12.184.079/0009-94;TOTAL S. A.;TOTAL S. A. ;4576;AV PERSA, S/N. ;DISTRITO INDUSTRIAL ;76.195-000;CEZARINA;GO;(64) 3543-8800;(64) 3543-8824;www.persanet.com.br
09.021.679/0001-70;FRIGONOSSO ;FRIGOR.FICO NOSSO LTDA ;4488;RODOVIA RO 383 KM 03 ;ZONA RURAL;78.975-000;CACOAL;RO;(69) 3441.8888;;
06.088.741/0004-03;VALE GRANDE;VALE GRANDE INDUSTRIA E COMERCIO DE ALIMENTOS S/A;4490;ROD. BR 163 KM 1025, S/N.;SETOR INDUSTRIAL;78.525-000;MATUP.;MT;(66) 3595-3500;(65) 3595-1270;
01.564.597/0001-60; ;FRIGOMIL FRIGOR.FICO MIL LTDA ;4510;ROD BR 364 KM 196, S/N.;BEIRA RIO;78.984-000;PIMENTA BUENO;RO;;;
11.831.785/0003-22;;MERCURIO ALIMENTOS S/A ;4413;ROD. PA 150, S/N., KM 12, CONJUNTO  B ;ZONA RURAL;68.557-080;XINGUARA;PA;(94) 3426.1384;(94) 3426.1121;
22.996.537/0001-96;;CENTRO OESTE ALIMENTOS EIRELI  ;4175;PRA.A EDUARDO LUCAS PEREIRA, 01 ;CENTRO;35.620-000;ABAET.;MG;(37) 35416.1365;(37) 35416.1362;
83.571.083/0001-04;;XINGUARA IND.STRIA E COM.RCIO S/A;4398;ROD.  PA 150 KM 2,5 BLOCO 'G, S/n.;PARQUE INDUSTRIAL ;68.557-080;XINGUARA;PA;(94) 3426.1818;(94) 3426.3596;frigorificoxinguara.com.br
07.540.084/0001-03;MAXI BEEF;MAXI BEEF ALIMENTOS DO BRASIL LTDA;4293;FAZENDA MANOA;ZONA RURAL ;39.864-000;CARLOS CHAGAS;MG;;;
16.499.583/0001-87;FRIGOZATTO ;FRIGORIFICO FRIGOZATTO EIRELI ;4249;RUA RAMIRO BARCELOS, 4845 A;BANDEIRA BRANCA;96.700-000;S.O JER.NIMO;RS;(51) 9807.6338;;
07.141.937/0003-98;;FRIGORIFICO TANGAR. LTDA;4267;AV EDSON LIMA DO NASCIMENTO, 5991, SALA 01;JARDIM CAPELASSO  ;76.912-100;JI-PARAN.;RO;(69) 3416-4500 ;;
02.916.265/0103-94;FRIBOI ;JBS S/A ;4121;ROD MT 240, S/N, KM 07 KM DA BR 158 ;ZONA RURAL;78.635-000;.GUA BOA;MT;66 3468-6300;66 3468-6301;
02.916.265/0041-57;;JBS  S/A;4149;EST. BELMONT S/N KM 18 ;NACIONAL;76.801-870;PORTO VELHO;RO;;;
15.497.408/0001-98;FRIGONOSSO ;FRIGORIFICO NOSSO LTDA ;4086;ESTRADA AC 01 KM 28;RURAL;69.925-000;SENADOR GUIOMARD;AC;;;
09.217.320/0001-72;;RABIC. AGROINDUSTRIAL DE ALIMENTOS LTDA;4088;ESTRADA MUNICIPAL DA VARGINHA KM 09;VARGINHA;18.200-000;ITAPETININGA;SP;(15) 3207-7355;(15) 3207-7354;
16.820.052/0015-40;MATABOI ;MATABOI ALIMENTOS LTDA;4029;ROD. GO 173 S/N KM 14,5;ZONA RURAL;76.265-000;SANTA F. DE GOI.S;GO;62-3385-8500;(62) 3385-8525;www.baldan.net
00.429.957/0001-58;AGROINDUSTRIA DE CARNES NOBRES ESPLANADA ;AGROINDUSTRIA DE CARNES NOBRES ESPLANADA LTDA ;3914;RUA SANTIAGO, FUNDOS RUA NOVA ALIANCA, 3336 QUADRA 06,07 E 08   ;JARDIM MARIA LUCIA;87.501-655;UMUARAMA;PR;(44) 3639-3161;(44) 3639-3161;
10.198.974/0008-51;PLENA ALIMENTOS ;PLENA ALIMENTOS LTDA ;3920;CHACARA CAMPINA VERDE S/N;ZONA SUBURBANA RURAL;76.550-000;PORANGATU;GO;;;
16.995.395/0002-20;BEEF NOBRE  ;NACIONAL DISTRIBUIDORA DE CARNES BEEF LTDA - EPP  ;3961;ROD GO 09, S/N., KM 12 A DIREITA 3 KM FAZENDA MESQUITA GLEBA IV PARTE B;ZONA RURAL ;72.880-000;CIDADE OCIDENTAL;GO;(61) 3373.4260;(61) 3373.4260;
07.313.530/0001-39;;MAPPISA IND.STRIA E COM.RCIO DE CARNES LTDA;3889;ROD. GO 446, KM 8   FAZENDA BOCA DA MATA;ZONA RURAL;73.920-000;IACIARA;GO;62.3473-1681;62.3473-1681;
00.283.996/0002-70;;FRIGORIFICO LARISSA LTDA;3704; ROD BR 272 - KM 207, S/N.;AREA INDUSTRIAL;87.560-000;IPOR.;PR;(44) 3625-1124;(44) 3625-1124;www.frigorificolarissa.com.br
67.620.377/0049-69;MINERVA S. A. ;MINERVA S. A. ;3711;RDV BR 364,  KM 148;ZONA SUBURBANA;38.270-000;CAMPINA VERDE;MG;(34) 3412-4242;(34) 3412-4242;www.minerva.ind.br
14.795.143/0001-41;;BONUTT INDUSTRIA E COMERCIO DE CARNES - EIRELI;3723;ROD BR 262, S/N., KM 752,5   -   CXPST 13;DISTRITO URUCUM;79.301-970;CORUMB.;MS;(67) 3231-6616;(67) 3231-6616;
37.356.854/0001-15;BOA VISTA;BOA VISTA ALIMENTOS  LTDA;3624;ROD GO 070 KM 23; ZONA RURAL;75.370-000;GOIANIRA;GO;62-3516-1300;(62) 3516-1300;
83.177.170/0001-73;FRIGORIFICO GESSNER LTDA;FRIGORIFICO GESSNER LTDA;3603;RUA FRITZ LORENZ,  3520;CENTRO;89.120-000;TIMB.;SC;(47) 3281.1500;;
08.199.996/0020-80;;JBS AVES LTDA;876;RUA JO.O ANDRIOLLO, 1167 - SALA 1 ;ANA RECH;95.060-310;CAXIAS DO SUL;RS;(54) 3283-8500;(54) 3283-8540;www.doux.com.br
02.914.460/0184-40;SEARA;SEARA ALIMENTOS LTDA;3392;ROD ITG 060,  S/N.;LINHA SANTA F.;89.896-000;ITAPIRANGA;SC;(49) 3194-2000;;www.seara.com.br
02.916.265/0191-89;;JBS S/A;3412;ROD PONTA PORA/ANTONIO JO.O, S/N., KM 76;CHACARA ALVORADA;79.900-000;PONTA POR.;MS;(67) 3437-2000;(67) 3431-5584;
01.066.650/0001-00;FRISA NORDESTE;FRIGOR.FICO NORDESTE ALIMENTOS LTDA;3448;FAZENDA CARAIPE, S/n. - SEDE;FAZENDA CARAIPE;45.995-000;TEIXEIRA DE FREITAS;BA;(73) 3292.5554;(73) 3292.5554;www.frisa.com.br
01.838.723/0338-07;;BRF  S. A. ;1;RUA SENADOR ATILIO FONTANA, 86;CENTRO;89.700-000;CONC.RDIA;SC;(49) 3301-3000 ;(49 )3301-3528;www.sadia.com.br                           
13.837.014/0001-06;FRIZELO;FRIZELO FRIGORIFICOS LTDA;1646;ROD BR 262 KM 375, S/N, ETR COLONIA VELHA ;ZONA SUBURBANA;79.190-000;TERENOS;MS;(67) 3246-7163;(67) 3246-7163;
16.489.692/0001-13;FRIG FEIRA DE SANTANA S/A;FRIGORIFICO FEIRA DE SANTANA S/A - FRIFEIRA;2522;ROD BR 101, KM 177;DISTRITO HUMILDES;44.100-000;FEIRA DE SANTANA;BA;(75) 683-1099;;
85.782.878/0001-89;;PAMPLONA ALIMENTOS S/A ;1156;BR 470, KM 150 ;PAMPLONA;89.160-000;RIO DO SUL;SC;(47) 3531-3131;;pamplona
01.838.723/0153-10;;BRF  S. A.;140;AV. PRESIDENTE CASTELO BRANCO, 141 ;CENTRO;89.610-000;HERVAL D'OESTE;SC;(49) 3551.5215;(49) 3554.0109;www.perdigao.com.br                               
07.615.913/0002-42;FRIGOR.FICO ASTRA;FRIGOR.FICO ASTRA DO PARAN. LTDA;1251;OTR PROLONGAMENTO DA RUA PEABIRU, S/N., KM 01 ;ZONA RURAL;87.400-000;CRUZEIRO DO OESTE;PR;(44) 3676-8100;(44) 3676-8100;
08.273.600/0001-35;FRIGORIFICO PLATINA ;FRIGOR.FICO PLATINA LTDA;1332;RUA 24 DE MAIO,  18;;86.430-000;SANTO ANT.NIO DA PLATINA;PR;;;
16.466.217/0001-21;FRIGORIFICO JR ;FRIGORIFICO JR LTDA ;2244;ROD PR 182 KM 03 ;ZONA RURAL;87.900-000;LOANDA;PR;(44) 3425.5000;(44) 3425.5000;
68.067.446/0011-49;FRIGOL;FRIGOL S. A. ;1217;RUA EUROPA S/N;DISTRITO INDUSTRIAL II;17.850-000;LEN..IS PAULISTA;SP;(14) 3263-1082;(14) 3263-3434;www.frigol.com.br
83.310.441/0022-41;AURORA ;COOPERATIVA CENTRAL AURORA ALIMENTOS;3548;RUA AURY LUIZ BODANESE, 401 E ;EFAPI ;89.809-849;CHAPEC.;SC;+ 55 (49) 3321.3700;+ 55 (49) 3321-3723;www.auroraalimentos.com.br
85.782.878/0024-75;;PAMPLONA ALIMENTOS S/A ;377;RUA CURT HERING, 1796;CENTRO;89.150-000;PRESIDENTE GET.LIO;SC;(47) 3352.1311;(47) 3352.1113;pamplona
88.728.027/0001-46;FRIGORIFICO SILVA LTDA;FRIGORIFICO SILVA INDUSTRIA E COMERCIO LTDA;1733;BR 392 KM 08 PASSO DAS TROPAS;;97.100-000;SANTA MARIA;RS;;055.2223588;
12.593.115/0003-88;AGROINDUSTRIAL IGUATEMI;AGROINDUSTRIAL IGUATEMI LTDA;1814;AV BARAO DE ANTONINA, N. 102;CENTRO;86.210-000;JATAIZINHO;PR;(43) 3259-1055;(43) 3259-1055;
06.062.706/0003-26;NIPPOBRAS ;NIPPOBRAS INDUSTRIA COMERCIO E EXPORTAO DE CARNES LTDA;3350;EST INDUSTRIAL, S/N ;SETOR NORDESTE ;77.200-000;FORMOSA;GO;(61) 3631-2115;(61) 3631-4729;
18.626.084/0002-10;NATURAFRIG ;NATURAFRIG ALIMENTOS LTDA ;661;RUA ONOFRE GON.ALVES LOPES,  S/N ;UMBARACA;79.750-000;NOVA ANDRADINA;MS;(67) 3441-4000;(67) 3441-4000;
13.177.019/0001-50;;NUTRIAL AGROINDUSTRIAS REUNIDAS S/A;3246;AV MURILO DANTAS, S/N.;DISTRITO INDUSTRIAL DE PROPRIA ;49.900-000;PROPRI.;SE;(79) ;;
03.853.896/0056-13;;MARFRIG GLOBAL FOODS S. A.;2007;EST ALEGRETE - ITAQUI, S/N, KM 7;CAPIVARI;97.541-970;ALEGRETE;RS;(55) 3421-8900;(55) 3421-8950;www.marfrig.com.br
07.548.858/0001-34;QUALIMAXIMA ; BRASLUZ INDUSTRIA COMERCIO E DISTRIBUICAO DE ALIMENTOS LTDA - ME;3178;RODOVIA BRALUZ KM 5,5 S/N. (CORRUMBA III);SETOR DICAL ;72.800-000;LUZI.NIA;GO;(61) 3622-3703;(61) 3622-4990;
19.580.222/0001-59;;FRIGORIFICO CRISTAL LTDA  ;2205;R JOAO ANDRIOLLO, S/N. - TRAV. HENRIQUE D'AVILA;ANA RECH;95.060-310;CAXIAS DO SUL;RS;(51) 9158-3227 ;;
02.916.265/0230-20;;JBS S/A  ;3112;VILA SANTA RITA DE CASSIA, S/N.;ZONA RURAL;79.540-000;CASSIL.NDIA;MS;(67) 3596-8500;(67) 3596-8515;www.jbs.com.br
64.273.899/0001-07;;AGROPECUARIA AKROPOLIS LTDA;3126;ROD. FERNAO DIAS S/N KM 739 BR 381;;37.490-000;S.O GON.ALO DO SAPUCA.;MG;;;
03.853.896/0054-51;MARFRIG BAGE;MARFRIG GLOBAL FOODS S. A.;232;RUA ANSELMO GARRASTAZU, 137 ;SANTA TEREZA;96.417-740;BAG.;RS;(53) 3240-5700;(53) 3240-5721;www.frigorificomercosul.com.br
67.620.377/0043-73;MINERVA S.A. ;MINERVA S. A. ;3149;ROD.  GO 230, Km 3,5 S/N;ZONA RURAL;76.380-000;GOIAN.SIA;GO;62-3389-9700;62-3389-9708;www.minerva.ind.br
16.706.221/0001-10;FRIGORIFICO BOI GAUCHO ;NERI DO NASCIMENTO EIRELI ;3024;RUA ERNESTO GUEDES, 82 ;VILA MARIANTE;95.815-000;VEN.NCIO AIRES;RS;(51) 3749.0030;(51) 3749.0033;
21.901.517/0001-21;;FRIGORIFICO R & M LTDA;3030;RODOVIA BR 262 KM 12;BORGES;34.500-000;SABAR.;MG;;;
03.853.896/0012-00;MARFRIG ;MARFRIG GLOBAL FOODS S. A. ;3047;ROD. GO 341 S/n. KM 10;ZONA RURAL ;75.830-000;MINEIROS;GO;;64.3672-7300;
05.339.153/0001-81;AGROPASTORIL BS ;AGROPASTORIL BS LTDA;3187;AV. PADRE ROQUE GONAZALES S/N.;CENTRO;98.170-000;TUPANCIRET.;RS;(55) 3272.2626;;
73.717.837/0001-20;;FRIGORIFICO  FORESTA LTDA;3877;ROD RS 630, S/N., KM 09 ;VACACAI ;97.300-000;S.O GABRIEL;RS;(55) 3232-5510;(55) 3232-5510;
73.537.714/0001-07;BETAMPEX-BRA;BETAMPEX-BRA COMERCIO, IMPORTACAO E EXPORTACAO LTDA - ME;2867;ROD. BR 376, KM 135, S/N;RODOVIA DO CAFE;87.600-000;NOVA ESPERAN.A;PR;(44) 9154-2858;;
20.357.448/0001-74;;FRIGOR.FICO VALE DO PARA.SO LTDA ;2903;AV DONATO PASCHOINI, 155;PARQUE INDUSTRIAL ;37.950-000;S.O SEBASTI.O DO PARA.SO;MG;;;
03.990.431/0001-30;;FRIGOR.FICO RAINHA DA PAZ LTDA -ME;2914;ROD. PR 090 KM 02 ;ZONA RURAL;86.200-00;IBIPOR.;PR;(43)  258.1581;;
87.452.710/0001-30;;FRIGORIFICO EXTREMO SUL S. A.;1651;BR 116 KM 526, S/N;JARDIM AM.RICA;96.160-000;CAP.O DO LE.O;RS;;;
06.128.996/0001-00;ATIVO ALIMENTOS;ATIVO ALIMENTOS EXPORTADORA E IMPORTADORA EIRELI;2801;ROD. CASTANHAL/INHANGAPI, KM 04, S/n. ;ZONA RURAL;68.745-000;CASTANHAL;PA;(91) 3721-2244/2245;(91) 3321.2194;www.mafrinorte.com.br
10.853.605/0001-89;BRASIL GLOBAL ;BRASIL GLOBAL AGROINDUSTRIAL LTDA ;2842;RUA  CASTRO ALVES S/N.;CENTRO;79.230-000;GUIA LOPES DA LAGUNA;MS;(67) 3269-1000;(67) 3269-1000;
06.063.610/0001-10;COOPSUL;COOPERATIVA AGROPECU.RIA COOPSUL LTDA;2850;ROD LINDOLFO LEONHARDT, S/N., KM 0;S.O JO.O ;95.870-000;BOM RETIRO DO SUL;RS;(51) 3766.1177;(51) 3766.1185;www.coopsul.com.br
04.352.277/0002-15;;CARNES BOI BRANCO LTDA ;2862;RUA CUIAB., 500;23 DE SETEMBO;78.110-000;V.RZEA GRANDE;MT;(65) 3682-6758;;
02.916.265/0112-85;FRIBOI ;JBS S/A ;2720;ROD. BR, 415 KM 167;ZONA RURAL ;47.710-000;ITAPETINGA;BA;(77) 3261-3461;;
15.548.956/0001-08;;COMESUL BEEF AGRO INDUSTRIAL EIRELI ;2679;BR 471 KM 173;BOA VISTA;96.690-000;PANTANO GRANDE;RS;(51) 3734.1399;;
81.806.598/0001-02;FRIGORIFICO D'PERONE ;FRIGORIFICO D'PERONE LTDA ;2552;ROD BRN 428,  N. 14.530 ;BAIXO PINHEIRAL ;88.750-000;BRA.O DO NORTE;SC;(48) 3668-0070;(48) 3668-0098;
03.221.799/0001-34;;MATADOURO E FRIGORIFICO PALADAR LTDA;2588;RODOVIA BR 381 KM 265 B. LAGOA DO PAU;;35.188-000;JAGUARA.U;MG;(035)84221496;(035)8251496;
57.830.390/0002-25;FRIPARDO;ITAJARA COMERCIO DE CARNES LTDA;2613;RUA JULIO LOZANO,  1134;;18.900-000;SANTA CRUZ DO RIO PARDO;SP;;;
10.198.974/0006-90;;PLENA ALIMENTOS LTDA;2484;RUA  MARTINHO CAMPOS, 21 ;S.O CRISTOV.O ;35.660-385;PAR. DE MINAS;MG;;;
44.802.528/0001-50;FRIGORIFICO ANGELELLI ;FRIGORIFICO ANGELELLI LTDA;2259;RUA JO.O PEDRO CORREA, 1111;SANTA TEREZINHA ;13.411-142;PIRACICABA;SP;(19) 3415.9500;;
23.028.966/0001-32;BEEF PREMIUM;COMERCIAL DE ALIMENTOS PAIVA LTDA - ME;2218;Q QUADRA 01, S/N. , FAZENDA PAIVA III - ZONA RURAL;CHACARAS VALE DAS ANDORINHAS;72.866-403;NOVO GAMA;GO;(61) 3502-0800;(61) 3502-0012;
44.304.053/0001-71;FRIGORIFICO RAJA LTDA.;FRIGORIFICO RAJA LTDA.;2221;AV.FRANCISCO PIGNATARI N 17;;63.000-00;CARAPICU.BA;SP;;;
14.440.906/0002-12;FRIGOXICO  ;FRIGOXICO ALIMENTOS LTDA  ;2153;EST VITAL BATISTA DE ANDRADE, N. 421;PARQUE INDUSTRIAL CACHOEIRA;86.690-000;COLORADO;PR;(44) 3323-3001;;
11.257.856/0001-63;FRIGODELISS CARNES ;FRIGODELISS LTDA;1983;EST. VELHA CAPIVARI - PORTO FELIZ S/N. ;TERRA ROXA;13.360-000;CAPIVARI;SP;(19) 981.9215;;
01.702.122/0001-92;;FRIGORIFICO VALE DO SAPUCA. LTDA;1883;AVENIDA WAGNER LEMOS MACHADO, 1.100;ACUDE ;37.504-326;ITAJUB.;MG;(35) 3623.1777;(35) 3623.1779;
08.852.792/0001-34;;FRIGOR.FICO FRIGOCRUZ LTDA;1744;RODOVIA PR 323 KM 127 LOTES 1B1, B3, B4 ;ZONA RURAL;87.400-000;CRUZEIRO DO OESTE;PR;(44) 3676-2085;(44) 3676-4135;
49.907.009/0001-70;;FRIGOR.FICO SUZANO IND.STRIA E COM.RCIO DE CARNES LTDA;1762;EST. DO MIZUKAMI,  525 ;PALMEIRAS;86.000-00;SUZANO;SP;;;
04.209.149/0001-36;;FRIGOMAX FRIGORIFICO E COMERCIO DE CARNES LTDA;1771;RUA PINTA ROXO, 172 ;VILA CASCATA;86.700-000;ARAPONGAS;PR;;;
20.395.778/0001-54;FRIGORIFICO TAMOYO;FRIGORIFICO TAMOYO LTDA ;1772;AV RODOLFO SARTI, S/N.;SUBURBIO;37.701-970;PO.OS DE CALDAS;MG;(35) 2101.2100;(35) 2101.2144;www.tamoyo.com
26.374.181/0001-00;;FRIGORIFICO PREMIER LTDA;1780;ROD. MACHADO/ALFENAS KM 08 FAZ. SANTA CLARA;;37.750-000;MACHADO;MG;035  295.5544;;
03.213.102/0001-83;;AGROPECUARIA EXCLUSIVA LTDA - ME ;1663;ROD. BR 354, KM 569;ZONA RURAL;37.270-000;CAMPO BELO;MG;(35) 3832.7757;;
02.982.267/0004-08;NAVI CARNES;NAVI CARNES IND.STRIA E COM.RCIO LTDA;1365;ROD. ASSIS CHATEAUBRIAND, S/N., KM 476;ZONA RURAL ;19.200-000;PIRAPOZINHO;SP;;;
23.647.688/0001-00;FRIGONOSSA;FRIGOR.FICO NOSSA SENHORA DA SA.DE LTDA;1290;AV. CHAMPAGNAT, 1679 ROD. PO.OS DE CALDAS  ;CORREGO D'ANTAS ;37.700-000;PO.OS DE CALDAS;MG;(35) 3715.8000;(35) 3715.8000;
01.656.444/0005-76;COOPERXANXERE ;COOPERATIVA AGR.RIA XANXER.;996;LINHA PESQUEIRO DO MEIO S/N. ;INTERIOR;89.820-000;XANXER.;SC;(49) 3433.1681;(49) 3433.4738;
03.853.896/0008-16;;MARFRIG GLOBAL FOODS S. A.;2500;ROD. MT 130 KM 03;ZONA RURAL;78.870-000;PARANATINGA;MT;(66) 3573-3800;(66) 3573-3800;www.marfrig.com.br
19.397.579/0001-04;;FRIGOBET - FRIGORIFICO INDUSTRIAL BETIM LTDA;927;RUA QUATRO S/N ;IMBIRU.U;32.500-000;BETIM;MG;(31) 3591.1511;(31) 3591.1756;
03.153.042/0001-50;;FRIGOR.FICO BOI BRAVO IND.STRIA E COM.RCIO LTDA;737;AV DO CONTORNO, 1010;ABADIA ;38.001-970;UBERABA;MG;(34) 3313.9100;(34) 3313.1330;
83.310.441/0030-51;AURORA ;COOPERATIVA CENTRAL AURORA ALIMENTOS ;784;RUA PREFEITO NORMELIO ZILIO, S/N.;DISTRITO INDUSTRIAL;89.600-000;JOA.ABA;SC;(49) 3202.3100;(49) 3551.8808;www.auroraalimentos.com.br
95.448.486/0001-31;;FRIGORIFICO SAO MIGUEL LTDA;673;EST. NOE NUNES DE MEDEIROS S/N. KM 02;LINHA SAO VICENTE;85.877-000;S.O MIGUEL DO IGUA.U;PR;(45) 3565-2232;(45) 3565-2232;www.friella.com.br
07.464.123/0001-22;;MAFRIAL MATADOURO E FRIGOR.FICO LTDA.;547;RUA ;;35.100-000;GOVERNADOR VALADARES;MG;;;
03.372.077/0001-80;;HIPERCARNES IND.STRIA E COM.RCIO LTDA - ME;588;RUA MODELO, 37, LETRA A;SUZANA;31.250-000;BELO HORIZONTE;MG;(31) 2559-8502 ;;
02.914.460/0154-25;SEARA;SEARA ALIMENTOS  LTDA;12;RUA DR. TRANQUILO DAMO, 209, SALA 01;SANTO ANTONIO;98.400-000;FREDERICO WESTPHALEN;RS;(55) 3744.9000;(55) 3744.9001;
47.026.067/0001-69;;OLHOS DAGUA IND.STRIA E COM.RCIO DE CARNES LTDA;70;AV. REGINA MOSCONI, 1420;CENTRO;14.610-000;IPU.;SP;(16) 3832.1888;;www.olhosdaguaalimentos.com.br
06.086.255/0001-03;;FRIGOR.FICO DOM GLUT.O LTDA;111;ROD. SP 331, KM 51  ;RURAL;14.940-000;IBITINGA;SP;(16) 3342.6924;;www.domglutao.com.br
09.021.512/0001-09;;DIMEZA ALIMENTOS LTDA - ME ;147;RUA DR. ANTONIO CHAGAS DINIZ, 545 'G';CIDADE INDUSTRIAL;32.210-000;CONTAGEM;MG;(31) 2104-0717 ;;
83.188.110/0001-56;FRICASA;FRICASA ALIMENTOS S/A;236;AV SENADOR IVO DE AQUINO, 1330;INDUSTRIAL ;89.460-000;CANOINHAS;SC;(47) 3622-3388;(47) 3622-3388;www.fricasa.com.br
05.699.871/0001-69;FRIGOTIL;FRIGORIFICO DE TIMON S/A;299;ROD. TIMON PRES DUTRA - BR 226,  KM 09, S/N.;ZONA RURAL ;65.634-065;TIMON;MA;(99) 3317-7300;(99) 3317-7303;www.frigotil.com.br
02.916.265/0083-06;FRIBOI;JBS S/A ;4507;RODOVIA GO 164 S/N. KM 167;ZONA RURAL;76.700-000;MOZARL.NDIA;GO;(62) 3348-8900;(62) 348-6792;www.jbs.com.br
02.914.460/0018-07;; SEARA ALIMENTOS LTDA      ;490; AV. PALUDO 155;INDUSTRIAL;89.770-000;SEARA;SC;(49) 3441-3000;(49) 3441-3039;www.seara.com.br
83.310.441/0033-02;AURORA;COOPERATIVA CENTRAL AURORA ALIMENTOS;828;RUA BAR.O DO RIO BRANCO, 1272E;SAIC;89.802-025;CHAPEC.;SC;(49) 3321.2000;(49) 3321.2071;www.auroraalimentos.com.br
